{"cameraMode":{"drawMode":0,"name":"Shaded","section":"Shading Mode"},"sceneLighting":false,"audioPlay":false,"sceneViewState":{"m_AlwaysRefresh":false,"showFog":true,"showSkybox":false,"showFlares":true,"showImageEffects":true,"showParticleSystems":true,"showVisualEffectGraphs":true,"m_FxEnabled":true},"in2DMode":false,"pivot":{"x":-1.1520003080368043,"y":1.5679998397827149,"z":0.28000134229660036},"rotation":{"x":-0.27484408020973208,"y":-0.5723783373832703,"z":0.21174553036689759,"w":-0.7430112361907959},"size":0.6116161942481995,"orthographic":false}