{"cameraMode":{"drawMode":0,"name":"Shaded","section":"Shading Mode"},"sceneLighting":false,"audioPlay":false,"sceneViewState":{"m_AlwaysRefresh":false,"showFog":true,"showSkybox":false,"showFlares":true,"showImageEffects":true,"showParticleSystems":true,"showVisualEffectGraphs":true,"m_FxEnabled":true},"in2DMode":false,"pivot":{"x":-0.07742796838283539,"y":7.3712921142578129,"z":-0.30755770206451418},"rotation":{"x":-0.7098730802536011,"y":0.004668258596211672,"z":-0.004661322105675936,"w":-0.7043441534042358},"size":7.460059642791748,"orthographic":false}